{
  "factor_name": "manual_alpha_008",
  "display_name": "manual_alpha_008_ema_spread",
  "family": "ema_spread",
  "family_label": "Short-Long EMA Spread",
  "params": {
    "short": 4,
    "long": 16
  },
  "direction": -1,
  "expression": "rank(-1 * (ema(close,4)/ema(close,16) - 1))",
  "description": "Fade the short/long EMA spread using 4 vs 16 bars.",
  "PassGates": true,
  "Score": 4.408511656585926,
  "IC": 0.019054658098292,
  "IR": 5.891727612432481,
  "Turnover": 1.784731388092041,
  "maxx": 4.355400562286377,
  "minn": 0.0,
  "max_mean": 3.990214109420776,
  "min_mean": 0.0,
  "positive_ic_ratio": 0.6735537190082644,
  "submission_path": "/Volumes/T7/Scientech/manual/submit/manual_alpha_008_20260410_170000_p1_y/manual_alpha_008_submission.pq",
  "submission_dir": "/Volumes/T7/Scientech/manual/submit/manual_alpha_008_20260410_170000_p1_y",
  "metadata_path": "/Volumes/T7/Scientech/manual/submit/manual_alpha_008_20260410_170000_p1_y/manual_alpha_008_metadata.json",
  "timestamp": "20260410_170000_p1",
  "sanity_report": {
    "status": "PASS",
    "submission_ready": true,
    "cover_all": 1,
    "missing_days_count": 0,
    "missing_days_sample": [],
    "max": 1.0,
    "min": 0.0,
    "row_count": 57554880,
    "unique_days": 726,
    "duplicate_keys": 0,
    "alpha_in_bounds": true,
    "alpha_is_constant": false,
    "allowed_utc_times": [
      "01:45:00",
      "02:00:00",
      "02:15:00",
      "02:30:00",
      "02:45:00",
      "03:00:00",
      "03:15:00",
      "03:30:00",
      "05:15:00",
      "05:30:00",
      "05:45:00",
      "06:00:00",
      "06:15:00",
      "06:30:00",
      "06:45:00",
      "07:00:00"
    ],
    "observed_utc_times": [
      "01:45:00",
      "02:00:00",
      "02:15:00",
      "02:30:00",
      "02:45:00",
      "03:00:00",
      "03:15:00",
      "03:30:00",
      "05:15:00",
      "05:30:00",
      "05:45:00",
      "06:00:00",
      "06:15:00",
      "06:30:00",
      "06:45:00",
      "07:00:00"
    ],
    "invalid_utc_times": [],
    "exact_15m_grid": true,
    "bars_per_day_min": 16,
    "bars_per_day_max": 16,
    "bars_per_day_expected": 16,
    "full_intraday_grid": true
  }
}