{
  "run_id": "autoalpha_20260421_131115_03",
  "formula": "neg(cs_zscore(ts_decay_linear((ts_corr(delta(close_trade_px,1), delta(trade_count,1), 10) * ts_rank(delta(trade_count,1), 24)) / (1 + ts_std(delta(close_trade_px,1), 12)), 5)))",
  "thought_process": "This factor targets intraday continuation when price changes are positively synchronized with trade-count changes, capturing moves supported by real participation rather than isolated prints. It then gates strength by requiring current trade-count acceleration to be high versus its own recent history, so weak-activity drifts are down-weighted. A short linear decay plus volatility normalization helps reduce noise and turnover while keeping broad cross-sectional coverage.",
  "postprocess": "rank_clip",
  "lookback_days": 20,
  "eval_days": 726,
  "PassGates": true,
  "Score": 78.99716160536676,
  "IC": 0.6111517396339039,
  "IR": 3.077610752756015,
  "tvr": 321.6978759765625,
  "TurnoverLocal": 321.6978759765625,
  "maxx": 7.915485382080078,
  "minn": -7.869683265686035,
  "max_mean": 6.258410930633545,
  "min_mean": -6.245663166046143,
  "GatesDetail": {
    "IC": true,
    "IR": true,
    "Turnover": true,
    "Concentration": true
  },
  "result_preview": {
    "IC": 0.6111517396339039,
    "IR": 3.077610752756015,
    "tvr": 321.6978759765625,
    "local_tvr": 321.6978759765625,
    "raw_tvr": 3.2169787883758545,
    "bl": 1.4725302457809448,
    "bs": -0.5274698138237,
    "nl": 2444.29098749461,
    "ns": 887.8832255282449,
    "nt": 3332.1742130228545,
    "nd": 726.0,
    "maxx": 7.915485382080078,
    "max": 6.258410930633545,
    "minn": -7.869683265686035,
    "min": -6.245663166046143,
    "score": 78.99716160536676
  },
  "score_formula": "score = (IC - 0.0005 * Turnover) * sqrt(IR) * 100",
  "metric_mode": "submission_cloud_aligned",
  "turnover_basis": "restricted_raw_alpha_diff_sum_x100",
  "source_parquet_path": "/Volumes/T7/Scientech/autoalpha/output/autoalpha_20260421_131115_03.pq",
  "submit_path": "/Volumes/T7/Scientech/autoalpha/submit/autoalpha_20260421_131115_03.pq",
  "recomputed_at": "2026-04-21T22:47:19.908196"
}